benchmark,route,label,seed,count,mean,sd,q01,q05,q25,q50,q75,q95,q99
Internal Strict-TN2031,Frozen base,positive,fixed,2031,0.4766261419790358,0.11611824277018594,0.24968164414167404,0.3056005388498306,0.3864900916814804,0.46466493606567383,0.5645619630813599,0.6823420226573944,0.7302817285060883
Internal Strict-TN2031,Frozen base,negative,fixed,2031,0.2956743908322456,0.14485433960209473,0.036213145777583125,0.05772741325199604,0.1743118017911911,0.3110641837120056,0.40072403848171234,0.5207598507404327,0.6065463185310364
Internal Strict-TN2031,Isolated rejector,positive,17,2031,0.8292068433418232,0.36241895948851505,-0.05076144784688949,0.2656938433647156,0.563576877117157,0.8088279962539673,1.1100847721099854,1.4232847690582275,1.552309513092041
Internal Strict-TN2031,Isolated rejector,negative,17,2031,0.09121393402446848,0.594223507054036,-0.8879261434078216,-0.8402546942234039,-0.4814487397670746,0.19917429983615875,0.5590913593769073,0.9906595945358276,1.2155644536018373
Internal Strict-TN2031,Isolated rejector,positive,42,2031,1.1891490738418875,0.5294258467886692,-0.10385091304779051,0.33476898074150085,0.8047962188720703,1.1848715543746948,1.6099267601966858,2.0190991163253784,2.1750204801559447
Internal Strict-TN2031,Isolated rejector,negative,42,2031,0.14474132570476148,0.7980500682834173,-1.0403200030326842,-0.972832053899765,-0.6601191461086273,0.23455321788787842,0.7746509313583374,1.4028417468070984,1.735174870491028
Internal Strict-TN2031,Isolated rejector,positive,73,2031,1.485718293774897,0.4388822283468994,0.3726339399814606,0.7873268723487854,1.1676664352416992,1.480976939201355,1.8312420845031738,2.172274947166443,2.316281270980835
Internal Strict-TN2031,Isolated rejector,negative,73,2031,0.541195768703386,0.7721693184455717,-0.7135917365550994,-0.6643745303153992,-0.2156684845685959,0.7046099305152893,1.1542039513587952,1.6724625825881958,1.94925491809845
FineCops-Ref,Frozen base,positive,17,9605,0.4034019739432517,0.10238950794137047,0.18049853622913362,0.24939551055431367,0.3314395546913147,0.3941216766834259,0.47324657440185547,0.5812764525413512,0.6520528721809387
FineCops-Ref,Frozen base,negative-text,17,9814,0.37829300518418485,0.11366530486194823,0.08560665056109429,0.19230527952313425,0.3053958937525749,0.3742673695087433,0.45593737065792084,0.5664771676063538,0.6265640032291414
FineCops-Ref,Frozen base,negative-image,17,8507,0.3672172964533148,0.1186319045897986,0.0688957293331623,0.15970633178949356,0.2940487712621689,0.3643166720867157,0.44837531447410583,0.5639463901519776,0.6247998118400574
FineCops-Ref,Isolated rejector,positive,17,9605,0.5282757145594582,0.35879790944225104,-0.3994549858570099,-0.05545172691345215,0.2982076406478882,0.518616795539856,0.773689329624176,1.1172114372253414,1.3275424575805643
FineCops-Ref,Isolated rejector,negative-text,17,9814,0.41037460127004616,0.4179530300956661,-0.7440066254138946,-0.35479524284601205,0.17279504984617233,0.4292793273925781,0.6963782459497452,1.0604774892330173,1.2437800383567812
FineCops-Ref,Isolated rejector,negative-image,17,8507,0.36873498487531386,0.44088564805107233,-0.7683953475952149,-0.48417418599128725,0.11714056134223938,0.3907187879085541,0.6755755841732025,1.044312596321106,1.2544026041030885
FineCops-Ref,Frozen base,positive,42,9605,0.4034019739432517,0.10238950794137047,0.18049853622913362,0.24939551055431367,0.3314395546913147,0.3941216766834259,0.47324657440185547,0.5812764525413512,0.6520528721809387
FineCops-Ref,Frozen base,negative-text,42,9814,0.37829300518418485,0.11366530486194823,0.08560665056109429,0.19230527952313425,0.3053958937525749,0.3742673695087433,0.45593737065792084,0.5664771676063538,0.6265640032291414
FineCops-Ref,Frozen base,negative-image,42,8507,0.3672172964533148,0.1186319045897986,0.0688957293331623,0.15970633178949356,0.2940487712621689,0.3643166720867157,0.44837531447410583,0.5639463901519776,0.6247998118400574
FineCops-Ref,Isolated rejector,positive,42,9605,0.7238302993098005,0.5043940964445851,-0.5312105894088744,-0.09706677198410034,0.38968026638031006,0.7083078622817993,1.0668456554412842,1.5669296264648436,1.8463114213943477
FineCops-Ref,Isolated rejector,negative-text,42,9814,0.5485604063970071,0.576835998545075,-0.8929610854387283,-0.507699978351593,0.197647325694561,0.5654220283031464,0.9467585533857346,1.4644360542297363,1.7380357360839844
FineCops-Ref,Isolated rejector,negative-image,42,8507,0.49428086399688725,0.6023339468542763,-0.926259218454361,-0.6505736708641052,0.12992316484451294,0.513579249382019,0.9134379029273987,1.4477072715759278,1.7221007394790657
FineCops-Ref,Frozen base,positive,73,9605,0.4034019739432517,0.10238950794137047,0.18049853622913362,0.24939551055431367,0.3314395546913147,0.3941216766834259,0.47324657440185547,0.5812764525413512,0.6520528721809387
FineCops-Ref,Frozen base,negative-text,73,9814,0.37829300518418485,0.11366530486194823,0.08560665056109429,0.19230527952313425,0.3053958937525749,0.3742673695087433,0.45593737065792084,0.5664771676063538,0.6265640032291414
FineCops-Ref,Frozen base,negative-image,73,8507,0.3672172964533148,0.1186319045897986,0.0688957293331623,0.15970633178949356,0.2940487712621689,0.3643166720867157,0.44837531447410583,0.5639463901519776,0.6247998118400574
FineCops-Ref,Isolated rejector,positive,73,9605,1.1061824472876094,0.4475666492583715,-0.06231147289276122,0.36811437010765075,0.819043755531311,1.1054421663284302,1.4195020198822021,1.8199508190155027,2.0536289787292463
FineCops-Ref,Isolated rejector,negative-text,73,9814,0.9504463795169396,0.5309009302978704,-0.5527660566568374,-0.039957653731107684,0.6510524749755859,0.9834239482879639,1.3211913108825684,1.7545531392097473,1.9606173479557052
FineCops-Ref,Isolated rejector,negative-image,73,8507,0.900534471749832,0.563338500081707,-0.5776032340526581,-0.21247136890888213,0.5884322226047516,0.9396589994430542,1.2953574061393738,1.7403209686279295,1.9698325061798103
gRefCOCO restricted Full,Frozen base,positive,17,11563,0.4203281089130953,0.11180275867803917,0.2030467927455902,0.27766668498516084,0.34650132060050964,0.40010231733322144,0.47296425700187683,0.6461224138736724,0.7528052830696105
gRefCOCO restricted Full,Frozen base,no-target,17,9121,0.3409357439637145,0.11042269352085456,0.07583322823047638,0.1482967585325241,0.2751083970069885,0.34425121545791626,0.40676814317703247,0.523009181022644,0.6241331815719603
gRefCOCO restricted Full,Isolated rejector,positive,17,11563,0.6305983585580084,0.3550170410157487,-0.2771870815753937,0.13669653832912446,0.40566860139369965,0.5863766670227051,0.8382652103900909,1.2922216892242426,1.4846431899070738
gRefCOCO restricted Full,Isolated rejector,no-target,17,9121,0.30650396525154067,0.4295472436891752,-0.814162278175354,-0.54057776927948,0.0746372789144516,0.3524734079837799,0.5756272077560425,0.9604983925819397,1.2692312717437737
gRefCOCO restricted Full,Frozen base,positive,42,11563,0.4203281089130953,0.11180275867803917,0.2030467927455902,0.27766668498516084,0.34650132060050964,0.40010231733322144,0.47296425700187683,0.6461224138736724,0.7528052830696105
gRefCOCO restricted Full,Frozen base,no-target,42,9121,0.3409357439637145,0.11042269352085456,0.07583322823047638,0.1482967585325241,0.2751083970069885,0.34425121545791626,0.40676814317703247,0.523009181022644,0.6241331815719603
gRefCOCO restricted Full,Isolated rejector,positive,42,11563,0.8899127652150666,0.5186489620403678,-0.43534393310546876,0.14210453033447265,0.5506904721260071,0.8280245065689087,1.2140379548072815,1.8466508626937863,2.084419975280761
gRefCOCO restricted Full,Isolated rejector,no-target,42,9121,0.41873430016237895,0.6027027110679644,-0.9664340138435363,-0.7289804220199585,0.06206926703453064,0.45992445945739746,0.8008682131767273,1.3745191097259521,1.8073443412780723
gRefCOCO restricted Full,Frozen base,positive,73,11563,0.4203281089130953,0.11180275867803917,0.2030467927455902,0.27766668498516084,0.34650132060050964,0.40010231733322144,0.47296425700187683,0.6461224138736724,0.7528052830696105
gRefCOCO restricted Full,Frozen base,no-target,73,9121,0.3409357439637145,0.11042269352085456,0.07583322823047638,0.1482967585325241,0.2751083970069885,0.34425121545791626,0.40676814317703247,0.523009181022644,0.6241331815719603
gRefCOCO restricted Full,Isolated rejector,positive,73,11563,1.2265851544597246,0.4398176113288245,0.05608603060245518,0.6018787860870362,0.945587694644928,1.1800956726074219,1.5040227770805359,2.0208470344543454,2.2170788431167603
gRefCOCO restricted Full,Isolated rejector,no-target,73,9121,0.8151743421125812,0.555327876832195,-0.6351278185844421,-0.29478293657302856,0.520569920539856,0.878601610660553,1.1695635318756104,1.6427898406982422,1.9996576786041258
