order,category,label,surface,sample_id,image_path,image_sha256,predicate_id,predicate,candidate_count,selection_order,seeds,source_artifact_ids,kind,expression,metrics_json,display_note
1,base_wrong_arrow_correct,"Base wrong, ARROW correct",Test5,ref:refcocop_testA:472749:1711006:9463:26926,/media/haoyi/T9/data/COCO/coco2014/train2014/COCO_train2014_000000472749.jpg,9335778d202723df415d967e8ba844d3fb9488658f8548543e76eab7ecfd4f89,test5_base_wrong_arrow_correct_all_seeds,Frozen base top-1 IoU < 0.5 and ARROW top-1 IoU >= 0.5 for each seed 17/42/73.,642,"maximum mean(ARROW IoU - Frozen base IoU), then lexical sample_id",17;42;73,qualitative_appendix_selector;qualitative_number_registry;test5_refcocop_testA_input_manifest;test5_refcocop_testA_b58_records;test5_refcocop_testA_arrow_seed17_records;test5_refcocop_testA_arrow_seed42_records;test5_refcocop_testA_arrow_seed73_records;qual_image_test5_384d10bd2c686339,,buttons,"{""arrow"":{""17"":{""all_query_best_iou"":0.9859785437583923,""eligible_queries"":48,""eligible_query_best_iou"":0.9859785437583923,""top1_iou"":0.9859785437583923},""42"":{""all_query_best_iou"":0.9859785437583923,""eligible_queries"":42,""eligible_query_best_iou"":0.9859785437583923,""top1_iou"":0.9859785437583923},""73"":{""all_query_best_iou"":0.9859785437583923,""eligible_queries"":40,""eligible_query_best_iou"":0.9859785437583923,""top1_iou"":0.9859785437583923}},""frozen_base_seed42_invariant"":{""all_query_best_iou"":0.9859785437583923,""top1_iou"":0.00013197903172113}}",GT only: sealed Test5 records bind IoU but do not contain prediction coordinates.
2,admission_rescue,Admission rescue,FineCops-Ref,finecops:test:3706,/media/haoyi/T9/data/FineCops-Ref/v1/images/gqa/2406693.jpg,3d4b3aae5d53b3d666f2b3bad8f4700577edc81c8a6e5d289c60f39c2f276042,finecops_admission_rescue_all_seeds,Covered positive with raw-complete-expression ranker IoU < 0.5 and deployed ARROW-V IoU >= 0.5 for every seed.,55,"minimum mean eligible-query count, maximum mean IoU recovery, then lexical sample_id",17;42;73,qualitative_appendix_selector;qualitative_number_registry;finecops_manifest;finecops_arrow_v_seed17_records;finecops_arrow_v_seed42_records;finecops_arrow_v_seed73_records;qual_image_fine_89b8857a177518e1;qual_support_2faf949634442cbe,positive,"Accompanied by the white and fancy umbrella, the walking woman is seen carrying a paper and adorned with a beaded and long necklace.","{""17"":{""complete_expression_ranker_isolated_rejector"":{""official_probability"":0.6629052758216858,""raw_confidence"":0.6762680411338806,""top1_box_xyxy"":[219.16818237304688,150.2198944091797,358.5169372558594,336.3318786621094],""top1_iou"":0.2384835034608841,""top1_query_index"":0},""deployed"":{""official_probability"":0.6629052758216858,""raw_confidence"":0.6762680411338806,""top1_box_xyxy"":[260.7185363769531,207.76478576660156,376.96282958984375,495.3326110839844],""top1_iou"":0.8916022777557373,""top1_query_index"":1},""deployed_accepts"":true,""eligible_queries"":17,""frozen_base"":{""official_probability"":0.5934321880340576,""raw_confidence"":0.3781723380088806,""top1_box_xyxy"":[219.16818237304688,150.2198944091797,358.5169372558594,336.3318786621094],""top1_iou"":0.2384835034608841,""top1_query_index"":0},""tau"":0.2301006317138672},""42"":{""complete_expression_ranker_isolated_rejector"":{""official_probability"":0.7433075308799744,""raw_confidence"":1.0632309913635254,""top1_box_xyxy"":[219.16818237304688,150.2198944091797,358.5169372558594,336.3318786621094],""top1_iou"":0.2384835034608841,""top1_query_index"":0},""deployed"":{""official_probability"":0.7433075308799744,""raw_confidence"":1.0632309913635254,""top1_box_xyxy"":[260.7185363769531,207.76478576660156,376.96282958984375,495.3326110839844],""top1_iou"":0.8916022777557373,""top1_query_index"":1},""deployed_accepts"":true,""eligible_queries"":3,""frozen_base"":{""official_probability"":0.5934321880340576,""raw_confidence"":0.3781723380088806,""top1_box_xyxy"":[219.16818237304688,150.2198944091797,358.5169372558594,336.3318786621094],""top1_iou"":0.2384835034608841,""top1_query_index"":0},""tau"":0.31912317872047424},""73"":{""complete_expression_ranker_isolated_rejector"":{""official_probability"":0.7915389537811279,""raw_confidence"":1.3342270851135254,""top1_box_xyxy"":[219.16818237304688,150.2198944091797,358.5169372558594,336.3318786621094],""top1_iou"":0.2384835034608841,""top1_query_index"":0},""deployed"":{""official_probability"":0.7915389537811279,""raw_confidence"":1.3342270851135254,""top1_box_xyxy"":[260.7185363769531,207.76478576660156,376.96282958984375,495.3326110839844],""top1_iou"":0.8916022777557373,""top1_query_index"":1},""deployed_accepts"":true,""eligible_queries"":6,""frozen_base"":{""official_probability"":0.5934321880340576,""raw_confidence"":0.3781723380088806,""top1_box_xyxy"":[219.16818237304688,150.2198944091797,358.5169372558594,336.3318786621094],""top1_iou"":0.2384835034608841,""top1_query_index"":0},""tau"":0.753686785697937}}",Raw complete-expression ranker and deployed ARROW-V boxes shown for seed 42; predicate holds for all seeds.
3,visual_switch_success_text_failure,"V switch succeeds, T fails",Admission category-intervention panel,cat-int:9c80f4cca29578edd0fff49d,/media/haoyi/T9/data/COCO/coco2017/val2017/000000064718.jpg,23311e201fadb5ba2bd9a0d6cac209b1f91ce946362ef7100ba47993b2822ff4,panel_v_success_t_failure_all_seeds,Both visual-support arms switch correctly for every seed; the canonical-text pair fails in every seed; all oracle query sets exist.,110,"maximum minimum V active-minus-counterfactual margin over two arms and three seeds, then lexical pair_id",17;42;73,qualitative_appendix_selector;qualitative_number_registry;admission_panel_manifest;qual_image_panel_23311e201fadb5ba;admission_panel_V_seed17_records;admission_panel_V_seed42_records;admission_panel_V_seed73_records;admission_panel_T_seed17_records;admission_panel_T_seed42_records;admission_panel_T_seed73_records;qual_support_16e4316acfa847a3;qual_support_f1c734fb15a3f6e1,,,"{""N"":{""17"":{""arms"":{""A"":{""active_max_admission_score"":-0.3368581235408783,""active_minus_counterfactual_margin"":1.0117010176181793,""active_score_wins"":true,""counterfactual_max_admission_score"":-1.3485591411590576,""eligible_query_count"":29,""has_both_oracle_query_sets"":true},""B"":{""active_max_admission_score"":-1.3485591411590576,""active_minus_counterfactual_margin"":-1.0117010176181793,""active_score_wins"":false,""counterfactual_max_admission_score"":-0.3368581235408783,""eligible_query_count"":29,""has_both_oracle_query_sets"":true}},""pair_switch_success"":false},""42"":{""arms"":{""A"":{""active_max_admission_score"":0.26935750246047974,""active_minus_counterfactual_margin"":0.9850723147392273,""active_score_wins"":true,""counterfactual_max_admission_score"":-0.7157148122787476,""eligible_query_count"":76,""has_both_oracle_query_sets"":true},""B"":{""active_max_admission_score"":-0.7157148122787476,""active_minus_counterfactual_margin"":-0.9850723147392273,""active_score_wins"":false,""counterfactual_max_admission_score"":0.26935750246047974,""eligible_query_count"":76,""has_both_oracle_query_sets"":true}},""pair_switch_success"":false},""73"":{""arms"":{""A"":{""active_max_admission_score"":-0.13349321484565735,""active_minus_counterfactual_margin"":0.7736564576625824,""active_score_wins"":true,""counterfactual_max_admission_score"":-0.9071496725082397,""eligible_query_count"":20,""has_both_oracle_query_sets"":true},""B"":{""active_max_admission_score"":-0.9071496725082397,""active_minus_counterfactual_margin"":-0.7736564576625824,""active_score_wins"":false,""counterfactual_max_admission_score"":-0.13349321484565735,""eligible_query_count"":20,""has_both_oracle_query_sets"":true}},""pair_switch_success"":false}},""T"":{""17"":{""arms"":{""A"":{""active_max_admission_score"":0.962337851524353,""active_minus_counterfactual_margin"":0.812191367149353,""active_score_wins"":true,""counterfactual_max_admission_score"":0.150146484375,""eligible_query_count"":384,""has_both_oracle_query_sets"":true},""B"":{""active_max_admission_score"":-1.0568338632583618,""active_minus_counterfactual_margin"":-0.5876592695713043,""active_score_wins"":false,""counterfactual_max_admission_score"":-0.4691745936870575,""eligible_query_count"":90,""has_both_oracle_query_sets"":true}},""pair_switch_success"":false},""42"":{""arms"":{""A"":{""active_max_admission_score"":1.0217632055282593,""active_minus_counterfactual_margin"":1.3462442457675934,""active_score_wins"":true,""counterfactual_max_admission_score"":-0.3244810402393341,""eligible_query_count"":204,""has_both_oracle_query_sets"":true},""B"":{""active_max_admission_score"":-1.4107391834259033,""active_minus_counterfactual_margin"":-1.0675126910209656,""active_score_wins"":false,""counterfactual_max_admission_score"":-0.34322649240493774,""eligible_query_count"":93,""has_both_oracle_query_sets"":true}},""pair_switch_success"":false},""73"":{""arms"":{""A"":{""active_max_admission_score"":1.126076579093933,""active_minus_counterfactual_margin"":0.5391893982887268,""active_score_wins"":true,""counterfactual_max_admission_score"":0.5868871808052063,""eligible_query_count"":319,""has_both_oracle_query_sets"":true},""B"":{""active_max_admission_score"":-1.4340404272079468,""active_minus_counterfactual_margin"":-1.0372324883937836,""active_score_wins"":false,""counterfactual_max_admission_score"":-0.3968079388141632,""eligible_query_count"":69,""has_both_oracle_query_sets"":true}},""pair_switch_success"":false}},""V"":{""17"":{""arms"":{""A"":{""active_max_admission_score"":-1.07744562625885,""active_minus_counterfactual_margin"":1.9453626871109009,""active_score_wins"":true,""counterfactual_max_admission_score"":-3.022808313369751,""eligible_query_count"":27,""has_both_oracle_query_sets"":true},""B"":{""active_max_admission_score"":0.03424208238720894,""active_minus_counterfactual_margin"":2.5411733873188496,""active_score_wins"":true,""counterfactual_max_admission_score"":-2.5069313049316406,""eligible_query_count"":16,""has_both_oracle_query_sets"":true}},""pair_switch_success"":true},""42"":{""arms"":{""A"":{""active_max_admission_score"":-1.1611064672470093,""active_minus_counterfactual_margin"":2.094169020652771,""active_score_wins"":true,""counterfactual_max_admission_score"":-3.2552754878997803,""eligible_query_count"":29,""has_both_oracle_query_sets"":true},""B"":{""active_max_admission_score"":-0.23001983761787415,""active_minus_counterfactual_margin"":2.3470179736614227,""active_score_wins"":true,""counterfactual_max_admission_score"":-2.577037811279297,""eligible_query_count"":21,""has_both_oracle_query_sets"":true}},""pair_switch_success"":true},""73"":{""arms"":{""A"":{""active_max_admission_score"":-0.9887872338294983,""active_minus_counterfactual_margin"":1.9182352423667908,""active_score_wins"":true,""counterfactual_max_admission_score"":-2.907022476196289,""eligible_query_count"":32,""has_both_oracle_query_sets"":true},""B"":{""active_max_admission_score"":-0.058748554438352585,""active_minus_counterfactual_margin"":2.227667022496462,""active_score_wins"":true,""counterfactual_max_admission_score"":-2.2864155769348145,""eligible_query_count"":18,""has_both_oracle_query_sets"":true}},""pair_switch_success"":true}}}",Class GT boxes and the two visual supports are shown; no predicted box is reconstructed.
4,text_switch_success_null_failure,"T switch succeeds, N fails",Admission category-intervention panel,cat-int:e4c86d2d7097fff08631d9c0,/media/haoyi/T9/data/COCO/coco2017/val2017/000000026564.jpg,ecefff4893149e6ac22348a59c8e4d3c1b3a751266a15bd38e3e6d041bf39c52,panel_t_success_n_failure_all_seeds,Both canonical-text arms switch correctly for every seed; the category-agnostic null pair fails in every seed; all oracle query sets exist.,118,"maximum minimum T active-minus-counterfactual margin over two arms and three seeds, then lexical pair_id",17;42;73,qualitative_appendix_selector;qualitative_number_registry;admission_panel_manifest;qual_image_panel_ecefff4893149e6a;admission_panel_T_seed17_records;admission_panel_T_seed42_records;admission_panel_T_seed73_records;admission_panel_N_seed17_records;admission_panel_N_seed42_records;admission_panel_N_seed73_records;qual_support_c8d885811d3f0d64;qual_support_e89972b723cfb279,,,"{""N"":{""17"":{""arms"":{""A"":{""active_max_admission_score"":-0.8535065650939941,""active_minus_counterfactual_margin"":0.1710292100906372,""active_score_wins"":true,""counterfactual_max_admission_score"":-1.0245357751846313,""eligible_query_count"":27,""has_both_oracle_query_sets"":true},""B"":{""active_max_admission_score"":-1.0245357751846313,""active_minus_counterfactual_margin"":-0.1710292100906372,""active_score_wins"":false,""counterfactual_max_admission_score"":-0.8535065650939941,""eligible_query_count"":27,""has_both_oracle_query_sets"":true}},""pair_switch_success"":false},""42"":{""arms"":{""A"":{""active_max_admission_score"":-0.3432154655456543,""active_minus_counterfactual_margin"":0.15128114819526672,""active_score_wins"":true,""counterfactual_max_admission_score"":-0.494496613740921,""eligible_query_count"":340,""has_both_oracle_query_sets"":true},""B"":{""active_max_admission_score"":-0.494496613740921,""active_minus_counterfactual_margin"":-0.15128114819526672,""active_score_wins"":false,""counterfactual_max_admission_score"":-0.3432154655456543,""eligible_query_count"":340,""has_both_oracle_query_sets"":true}},""pair_switch_success"":false},""73"":{""arms"":{""A"":{""active_max_admission_score"":-0.5939840078353882,""active_minus_counterfactual_margin"":0.11360085010528564,""active_score_wins"":true,""counterfactual_max_admission_score"":-0.7075848579406738,""eligible_query_count"":26,""has_both_oracle_query_sets"":true},""B"":{""active_max_admission_score"":-0.7075848579406738,""active_minus_counterfactual_margin"":-0.11360085010528564,""active_score_wins"":false,""counterfactual_max_admission_score"":-0.5939840078353882,""eligible_query_count"":26,""has_both_oracle_query_sets"":true}},""pair_switch_success"":false}},""T"":{""17"":{""arms"":{""A"":{""active_max_admission_score"":0.3696193993091583,""active_minus_counterfactual_margin"":1.8567562401294708,""active_score_wins"":true,""counterfactual_max_admission_score"":-1.4871368408203125,""eligible_query_count"":57,""has_both_oracle_query_sets"":true},""B"":{""active_max_admission_score"":1.3330669403076172,""active_minus_counterfactual_margin"":2.2188758850097656,""active_score_wins"":true,""counterfactual_max_admission_score"":-0.8858089447021484,""eligible_query_count"":23,""has_both_oracle_query_sets"":true}},""pair_switch_success"":true},""42"":{""arms"":{""A"":{""active_max_admission_score"":0.5344284772872925,""active_minus_counterfactual_margin"":1.5494623184204102,""active_score_wins"":true,""counterfactual_max_admission_score"":-1.0150338411331177,""eligible_query_count"":152,""has_both_oracle_query_sets"":true},""B"":{""active_max_admission_score"":0.6782946586608887,""active_minus_counterfactual_margin"":2.149903416633606,""active_score_wins"":true,""counterfactual_max_admission_score"":-1.4716087579727173,""eligible_query_count"":24,""has_both_oracle_query_sets"":true}},""pair_switch_success"":true},""73"":{""arms"":{""A"":{""active_max_admission_score"":0.712192952632904,""active_minus_counterfactual_margin"":1.642051100730896,""active_score_wins"":true,""counterfactual_max_admission_score"":-0.9298581480979919,""eligible_query_count"":252,""has_both_oracle_query_sets"":true},""B"":{""active_max_admission_score"":1.1858779191970825,""active_minus_counterfactual_margin"":2.878993511199951,""active_score_wins"":true,""counterfactual_max_admission_score"":-1.6931155920028687,""eligible_query_count"":19,""has_both_oracle_query_sets"":true}},""pair_switch_success"":true}},""V"":{""17"":{""arms"":{""A"":{""active_max_admission_score"":-1.6046273708343506,""active_minus_counterfactual_margin"":1.5132086277008057,""active_score_wins"":true,""counterfactual_max_admission_score"":-3.1178359985351562,""eligible_query_count"":36,""has_both_oracle_query_sets"":true},""B"":{""active_max_admission_score"":-0.3695453107357025,""active_minus_counterfactual_margin"":2.4496645033359528,""active_score_wins"":true,""counterfactual_max_admission_score"":-2.8192098140716553,""eligible_query_count"":12,""has_both_oracle_query_sets"":true}},""pair_switch_success"":true},""42"":{""arms"":{""A"":{""active_max_admission_score"":-1.4535027742385864,""active_minus_counterfactual_margin"":1.7207478284835815,""active_score_wins"":true,""counterfactual_max_admission_score"":-3.174250602722168,""eligible_query_count"":36,""has_both_oracle_query_sets"":true},""B"":{""active_max_admission_score"":-0.4946953356266022,""active_minus_counterfactual_margin"":2.0519419610500336,""active_score_wins"":true,""counterfactual_max_admission_score"":-2.5466372966766357,""eligible_query_count"":12,""has_both_oracle_query_sets"":true}},""pair_switch_success"":true},""73"":{""arms"":{""A"":{""active_max_admission_score"":-1.2271140813827515,""active_minus_counterfactual_margin"":1.5976277589797974,""active_score_wins"":true,""counterfactual_max_admission_score"":-2.824741840362549,""eligible_query_count"":40,""has_both_oracle_query_sets"":true},""B"":{""active_max_admission_score"":-0.4338354468345642,""active_minus_counterfactual_margin"":2.0325894951820374,""active_score_wins"":true,""counterfactual_max_admission_score"":-2.4664249420166016,""eligible_query_count"":10,""has_both_oracle_query_sets"":true}},""pair_switch_success"":true}}}",Class GT boxes visualize the controlled category pair; N is invariant to category input by construction.
5,external_tn_downrank,External TN down-rank,FineCops-Ref,finecops:test:28712,/media/haoyi/T9/data/FineCops-Ref/v1/images/gqa/2336505.jpg,72cc3786fb237f3b596744a11330b0f2dbff40bcba56c08c9a2e9b50e7ee827e,finecops_paired_tn_ordering_flip_and_fixed_rejection_all_seeds,"For each seed, Frozen base ranks the negative at least as high as its paired positive, while isolated rejector ranks it lower and its score is below the sealed isolated rejector threshold.",188,"maximum mean paired ordering improvement across Frozen base and isolated rejector, then lexical negative sample_id",17;42;73,qualitative_appendix_selector;qualitative_number_registry;finecops_manifest;finecops_arrow_v_seed17_records;finecops_arrow_v_seed42_records;finecops_arrow_v_seed73_records;qual_image_fine_802eb92848fa5bd4;qual_support_09d1353151112be4,text,The carpet consists of the same material as the bench.,"{""17"":{""complete_expression_ranker_isolated_rejector"":{""official_probability"":0.556398332118988,""raw_confidence"":0.22655737400054932,""top1_box_xyxy"":[118.1093978881836,198.13616943359375,313.2891845703125,335.0313415527344],""top1_iou"":0.22321940958499908,""top1_query_index"":0},""deployed"":{""official_probability"":0.556398332118988,""raw_confidence"":0.22655737400054932,""top1_box_xyxy"":[118.1093978881836,198.13616943359375,313.2891845703125,335.0313415527344],""top1_iou"":0.22321940958499908,""top1_query_index"":0},""deployed_accepts"":false,""eligible_queries"":13,""frozen_base"":{""official_probability"":0.5946089029312134,""raw_confidence"":0.3830515146255493,""top1_box_xyxy"":[118.1093978881836,198.13616943359375,313.2891845703125,335.0313415527344],""top1_iou"":0.22321940958499908,""top1_query_index"":0},""paired_parent"":{""deployed"":{""official_probability"":0.6485215425491333,""raw_confidence"":0.6125466823577881,""top1_box_xyxy"":[0.9018927812576294,120.44953918457031,498.60601806640625,285.9642639160156],""top1_iou"":0.8419724702835083,""top1_query_index"":48},""frozen_base"":{""official_probability"":0.5926071405410767,""raw_confidence"":0.3747537136077881,""top1_box_xyxy"":[0.9018927812576294,120.44953918457031,498.60601806640625,285.9642639160156],""top1_iou"":0.8419724702835083,""top1_query_index"":48},""sample_id"":""finecops:test:10180""},""tau"":0.2301006317138672},""42"":{""complete_expression_ranker_isolated_rejector"":{""official_probability"":0.5420742630958557,""raw_confidence"":0.16869604587554932,""top1_box_xyxy"":[118.1093978881836,198.13616943359375,313.2891845703125,335.0313415527344],""top1_iou"":0.22321940958499908,""top1_query_index"":0},""deployed"":{""official_probability"":0.5420742630958557,""raw_confidence"":0.16869604587554932,""top1_box_xyxy"":[118.1093978881836,198.13616943359375,313.2891845703125,335.0313415527344],""top1_iou"":0.22321940958499908,""top1_query_index"":0},""deployed_accepts"":false,""eligible_queries"":36,""frozen_base"":{""official_probability"":0.5946089029312134,""raw_confidence"":0.3830515146255493,""top1_box_xyxy"":[118.1093978881836,198.13616943359375,313.2891845703125,335.0313415527344],""top1_iou"":0.22321940958499908,""top1_query_index"":0},""paired_parent"":{""deployed"":{""official_probability"":0.6901411414146423,""raw_confidence"":0.8007791042327881,""top1_box_xyxy"":[0.9018927812576294,120.44953918457031,498.60601806640625,285.9642639160156],""top1_iou"":0.8419724702835083,""top1_query_index"":48},""frozen_base"":{""official_probability"":0.5926071405410767,""raw_confidence"":0.3747537136077881,""top1_box_xyxy"":[0.9018927812576294,120.44953918457031,498.60601806640625,285.9642639160156],""top1_iou"":0.8419724702835083,""top1_query_index"":48},""sample_id"":""finecops:test:10180""},""tau"":0.31912317872047424},""73"":{""complete_expression_ranker_isolated_rejector"":{""official_probability"":0.6592943668365479,""raw_confidence"":0.6601511240005493,""top1_box_xyxy"":[118.1093978881836,198.13616943359375,313.2891845703125,335.0313415527344],""top1_iou"":0.22321940958499908,""top1_query_index"":0},""deployed"":{""official_probability"":0.6592943668365479,""raw_confidence"":0.6601511240005493,""top1_box_xyxy"":[118.1093978881836,198.13616943359375,313.2891845703125,335.0313415527344],""top1_iou"":0.22321940958499908,""top1_query_index"":0},""deployed_accepts"":false,""eligible_queries"":23,""frozen_base"":{""official_probability"":0.5946089029312134,""raw_confidence"":0.3830515146255493,""top1_box_xyxy"":[118.1093978881836,198.13616943359375,313.2891845703125,335.0313415527344],""top1_iou"":0.22321940958499908,""top1_query_index"":0},""paired_parent"":{""deployed"":{""official_probability"":0.7826206088066101,""raw_confidence"":1.281003713607788,""top1_box_xyxy"":[0.9018927812576294,120.44953918457031,498.60601806640625,285.9642639160156],""top1_iou"":0.8419724702835083,""top1_query_index"":48},""frozen_base"":{""official_probability"":0.5926071405410767,""raw_confidence"":0.3747537136077881,""top1_box_xyxy"":[0.9018927812576294,120.44953918457031,498.60601806640625,285.9642639160156],""top1_iou"":0.8419724702835083,""top1_query_index"":48},""sample_id"":""finecops:test:10180""},""tau"":0.753686785697937}}",Negative record boxes shown for seed 42; paired score inequalities hold for all seeds.
6,fixed_threshold_external_false_rejection,Fixed-tau false rejection,FineCops-Ref,finecops:test:9106,/media/haoyi/T9/data/FineCops-Ref/v1/images/gqa/2389666.jpg,648a12da7b69bf83665d03c49818e5563c353b1c956043b16895cdfa62b894e3,finecops_fixed_tau_false_rejection_all_seeds,Covered positive is localized at IoU >= 0.5 but isolated rejector raw confidence is below that seed's sealed isolated rejector calibration threshold for every seed.,602,"minimum mean confidence/tau ratio, maximum mean deployed IoU, then lexical sample_id",17;42;73,qualitative_appendix_selector;qualitative_number_registry;finecops_manifest;finecops_arrow_v_seed17_records;finecops_arrow_v_seed42_records;finecops_arrow_v_seed73_records;qual_image_fine_ea70ced1c01c756b;qual_support_4da984d805a47079,positive,Blue-hued surfboard.,"{""17"":{""complete_expression_ranker_isolated_rejector"":{""official_probability"":0.29816001653671265,""raw_confidence"":-0.8560751080513,""top1_box_xyxy"":[75.1593246459961,142.92698669433594,189.42543029785156,330.3529052734375],""top1_iou"":0.976841151714325,""top1_query_index"":1},""deployed"":{""official_probability"":0.29816001653671265,""raw_confidence"":-0.8560751080513,""top1_box_xyxy"":[75.1593246459961,142.92698669433594,189.42543029785156,330.3529052734375],""top1_iou"":0.976841151714325,""top1_query_index"":1},""deployed_accepts"":false,""eligible_queries"":69,""frozen_base"":{""official_probability"":0.5162001848220825,""raw_confidence"":0.06482333689928055,""top1_box_xyxy"":[75.1593246459961,142.92698669433594,189.42543029785156,330.3529052734375],""top1_iou"":0.976841151714325,""top1_query_index"":1},""tau"":0.2301006317138672},""42"":{""complete_expression_ranker_isolated_rejector"":{""official_probability"":0.2771557569503784,""raw_confidence"":-0.9586141705513,""top1_box_xyxy"":[75.1593246459961,142.92698669433594,189.42543029785156,330.3529052734375],""top1_iou"":0.976841151714325,""top1_query_index"":1},""deployed"":{""official_probability"":0.2771557569503784,""raw_confidence"":-0.9586141705513,""top1_box_xyxy"":[75.1593246459961,142.92698669433594,189.42543029785156,330.3529052734375],""top1_iou"":0.976841151714325,""top1_query_index"":1},""deployed_accepts"":false,""eligible_queries"":146,""frozen_base"":{""official_probability"":0.5162001848220825,""raw_confidence"":0.06482333689928055,""top1_box_xyxy"":[75.1593246459961,142.92698669433594,189.42543029785156,330.3529052734375],""top1_iou"":0.976841151714325,""top1_query_index"":1},""tau"":0.31912317872047424},""73"":{""complete_expression_ranker_isolated_rejector"":{""official_probability"":0.3332599401473999,""raw_confidence"":-0.6934774518013,""top1_box_xyxy"":[75.1593246459961,142.92698669433594,189.42543029785156,330.3529052734375],""top1_iou"":0.976841151714325,""top1_query_index"":1},""deployed"":{""official_probability"":0.3332599401473999,""raw_confidence"":-0.6934774518013,""top1_box_xyxy"":[75.1593246459961,142.92698669433594,189.42543029785156,330.3529052734375],""top1_iou"":0.976841151714325,""top1_query_index"":1},""deployed_accepts"":false,""eligible_queries"":87,""frozen_base"":{""official_probability"":0.5162001848220825,""raw_confidence"":0.06482333689928055,""top1_box_xyxy"":[75.1593246459961,142.92698669433594,189.42543029785156,330.3529052734375],""top1_iou"":0.976841151714325,""top1_query_index"":1},""tau"":0.753686785697937}}",A domain-shift failure: localization is correct but the fixed source-domain operating point rejects it.
7,hard_compositional_false_positive,Hard compositional false positive,FineCops-Ref,finecops:test:32367,/media/haoyi/T9/data/FineCops-Ref/v1/images/gqa/2372497.jpg,107c6d143d5da0743013d6c811264506a318f831c4c9036cc58ee93667b3796d,finecops_hard_compositional_false_positive_all_seeds,Covered FineCops text negative at level >= 2 has isolated rejector raw confidence at or above the sealed threshold for every seed.,1909,"maximum negative level, maximum mean confidence/tau ratio, then lexical sample_id",17;42;73,qualitative_appendix_selector;qualitative_number_registry;finecops_manifest;finecops_arrow_v_seed17_records;finecops_arrow_v_seed42_records;finecops_arrow_v_seed73_records;qual_image_fine_0cb00affffe5a0ee;qual_support_e545b44291fc82ac,text,"An old, dusty brown elephant is present nearby the silver automobile and facing the hills.","{""17"":{""complete_expression_ranker_isolated_rejector"":{""official_probability"":0.8038906455039978,""raw_confidence"":1.410791039466858,""top1_box_xyxy"":[297.20361328125,38.385440826416016,434.8666076660156,226.11724853515625],""top1_iou"":0.9693207144737244,""top1_query_index"":0},""deployed"":{""official_probability"":0.8038906455039978,""raw_confidence"":1.410791039466858,""top1_box_xyxy"":[297.20361328125,38.385440826416016,434.8666076660156,226.11724853515625],""top1_iou"":0.9693207144737244,""top1_query_index"":0},""deployed_accepts"":true,""eligible_queries"":21,""frozen_base"":{""official_probability"":0.6597669124603271,""raw_confidence"":0.6622558832168579,""top1_box_xyxy"":[297.20361328125,38.385440826416016,434.8666076660156,226.11724853515625],""top1_iou"":0.9693207144737244,""top1_query_index"":0},""tau"":0.2301006317138672},""42"":{""complete_expression_ranker_isolated_rejector"":{""official_probability"":0.8791623115539551,""raw_confidence"":1.984521508216858,""top1_box_xyxy"":[297.20361328125,38.385440826416016,434.8666076660156,226.11724853515625],""top1_iou"":0.9693207144737244,""top1_query_index"":0},""deployed"":{""official_probability"":0.8791623115539551,""raw_confidence"":1.984521508216858,""top1_box_xyxy"":[297.20361328125,38.385440826416016,434.8666076660156,226.11724853515625],""top1_iou"":0.9693207144737244,""top1_query_index"":0},""deployed_accepts"":true,""eligible_queries"":16,""frozen_base"":{""official_probability"":0.6597669124603271,""raw_confidence"":0.6622558832168579,""top1_box_xyxy"":[297.20361328125,38.385440826416016,434.8666076660156,226.11724853515625],""top1_iou"":0.9693207144737244,""top1_query_index"":0},""tau"":0.31912317872047424},""73"":{""complete_expression_ranker_isolated_rejector"":{""official_probability"":0.8985129594802856,""raw_confidence"":2.1808104515075684,""top1_box_xyxy"":[297.20361328125,38.385440826416016,434.8666076660156,226.11724853515625],""top1_iou"":0.9693207144737244,""top1_query_index"":0},""deployed"":{""official_probability"":0.8985129594802856,""raw_confidence"":2.1808104515075684,""top1_box_xyxy"":[297.20361328125,38.385440826416016,434.8666076660156,226.11724853515625],""top1_iou"":0.9693207144737244,""top1_query_index"":0},""deployed_accepts"":true,""eligible_queries"":21,""frozen_base"":{""official_probability"":0.6597669124603271,""raw_confidence"":0.6622558832168579,""top1_box_xyxy"":[297.20361328125,38.385440826416016,434.8666076660156,226.11724853515625],""top1_iou"":0.9693207144737244,""top1_query_index"":0},""tau"":0.753686785697937}}",ARROW failure: the compositional text negative is falsely accepted for all seeds.
8,arrow_failure_admission_drop,ARROW failure: Admission drop,FineCops-Ref,finecops:test:14771,/media/haoyi/T9/data/FineCops-Ref/v1/images/gqa/2381560.jpg,d4acdb2bffb8d60a52d0858678e0724e4087d4219df11325df8266ab24b4f4c2,finecops_admission_drops_correct_r100_all_seeds,Covered positive has raw-complete-expression ranker IoU >= 0.5 but deployed ARROW-V IoU < 0.5 for every seed.,7,"maximum mean raw-complete-expression ranker-to-ARROW IoU drop, then lexical sample_id",17;42;73,qualitative_appendix_selector;qualitative_number_registry;finecops_manifest;finecops_arrow_v_seed17_records;finecops_arrow_v_seed42_records;finecops_arrow_v_seed73_records;qual_image_fine_da1439e92e405d43;qual_support_3366ac35d51d8e38,positive,The car colored green.,"{""17"":{""complete_expression_ranker_isolated_rejector"":{""official_probability"":0.5315062999725342,""raw_confidence"":0.1261923909187317,""top1_box_xyxy"":[2.349853515625,90.06597900390625,96.9008560180664,119.06907653808594],""top1_iou"":0.856915295124054,""top1_query_index"":1},""deployed"":{""official_probability"":0.5315062999725342,""raw_confidence"":0.1261923909187317,""top1_box_xyxy"":[0.4627406597137451,118.85103607177734,296.87615966796875,331.98980712890625],""top1_iou"":0.00474447850137949,""top1_query_index"":0},""deployed_accepts"":false,""eligible_queries"":25,""frozen_base"":{""official_probability"":0.5702047348022461,""raw_confidence"":0.2826865315437317,""top1_box_xyxy"":[2.349853515625,90.06597900390625,96.9008560180664,119.06907653808594],""top1_iou"":0.856915295124054,""top1_query_index"":1},""tau"":0.2301006317138672},""42"":{""complete_expression_ranker_isolated_rejector"":{""official_probability"":0.5603960752487183,""raw_confidence"":0.2427695393562317,""top1_box_xyxy"":[2.349853515625,90.06597900390625,96.9008560180664,119.06907653808594],""top1_iou"":0.856915295124054,""top1_query_index"":1},""deployed"":{""official_probability"":0.5603960752487183,""raw_confidence"":0.2427695393562317,""top1_box_xyxy"":[0.4627406597137451,118.85103607177734,296.87615966796875,331.98980712890625],""top1_iou"":0.00474447850137949,""top1_query_index"":0},""deployed_accepts"":false,""eligible_queries"":23,""frozen_base"":{""official_probability"":0.5702047348022461,""raw_confidence"":0.2826865315437317,""top1_box_xyxy"":[2.349853515625,90.06597900390625,96.9008560180664,119.06907653808594],""top1_iou"":0.856915295124054,""top1_query_index"":1},""tau"":0.31912317872047424},""73"":{""complete_expression_ranker_isolated_rejector"":{""official_probability"":0.6857329607009888,""raw_confidence"":0.7802451252937317,""top1_box_xyxy"":[2.349853515625,90.06597900390625,96.9008560180664,119.06907653808594],""top1_iou"":0.856915295124054,""top1_query_index"":1},""deployed"":{""official_probability"":0.6857329607009888,""raw_confidence"":0.7802451252937317,""top1_box_xyxy"":[0.4627406597137451,118.85103607177734,296.87615966796875,331.98980712890625],""top1_iou"":0.00474447850137949,""top1_query_index"":0},""deployed_accepts"":true,""eligible_queries"":22,""frozen_base"":{""official_probability"":0.5702047348022461,""raw_confidence"":0.2826865315437317,""top1_box_xyxy"":[2.349853515625,90.06597900390625,96.9008560180664,119.06907653808594],""top1_iou"":0.856915295124054,""top1_query_index"":1},""tau"":0.753686785697937}}",A useful complete-expression ranker winner is removed by Admission for every seed.
9,arrow_failure_within_eligible_rank,ARROW failure: within-eligible rank,Test5,ref:refcoco_testB:462383:353645:10382:29560,/media/haoyi/T9/data/COCO/coco2014/train2014/COCO_train2014_000000462383.jpg,ee11c2280cf23d00d1290304861db97960cbac5ff1accdf2d030bb10012e4cad,test5_within_eligible_rank_failure_all_seeds,"For every seed, an eligible query reaches IoU >= 0.5 but ARROW's selected top-1 has IoU < 0.5.",7748,"maximum mean(eligible-best IoU - top-1 IoU), then lexical sample_id",17;42;73,qualitative_appendix_selector;qualitative_number_registry;test5_refcoco_testB_input_manifest;test5_refcoco_testB_b58_records;test5_refcoco_testB_arrow_seed17_records;test5_refcoco_testB_arrow_seed42_records;test5_refcoco_testB_arrow_seed73_records;qual_image_test5_1d3cee19295918a9,,left car,"{""arrow"":{""17"":{""all_query_best_iou"":0.9954090118408203,""eligible_queries"":17,""eligible_query_best_iou"":0.9954090118408203,""top1_iou"":0.0},""42"":{""all_query_best_iou"":0.9954090118408203,""eligible_queries"":29,""eligible_query_best_iou"":0.9954090118408203,""top1_iou"":0.0},""73"":{""all_query_best_iou"":0.9954090118408203,""eligible_queries"":21,""eligible_query_best_iou"":0.9954090118408203,""top1_iou"":0.0}},""frozen_base_seed42_invariant"":{""all_query_best_iou"":0.9954090118408203,""top1_iou"":0.0}}",GT only: sealed Test5 records bind IoU but do not contain prediction coordinates.
